Mode,Start_Time,Animal,Unit,Licks1,Licks2,Drinks1,Drinks2
0,2025-12-06 23:59:54.471493,12184102124,B,43,36,13,12
0,2025-12-07 00:00:11.342999,12184102124,B,0,0,0,0
0,2025-12-07 01:17:51.696759,12184189167,B,0,54,0,8
0,2025-12-07 01:21:06.863867,12184189167,B,44,55,8,12
0,2025-12-07 01:24:44.419384,12184189167,B,106,56,18,14
0,2025-12-07 01:26:52.019573,12184189167,B,0,0,0,0
0,2025-12-07 01:27:05.101196,12184189167,B,0,0,0,0
0,2025-12-07 01:27:11.129831,12184189167,B,0,0,0,0
0,2025-12-07 01:28:20.215396,12184189167,B,0,0,0,0
0,2025-12-07 01:28:58.566173,12184189167,B,0,0,0,0
0,2025-12-07 01:31:09.298496,12184189167,B,125,13,19,5
0,2025-12-07 01:49:00.893989,12184189167,B,0,69,0,10
0,2025-12-07 02:07:17.420727,121835736,B,0,0,0,0
0,2025-12-07 02:08:42.241597,121835736,B,0,18,0,4
0,2025-12-07 02:10:38.439692,121833859,B,0,0,0,0
0,2025-12-07 02:17:57.070326,12185199220,B,0,21,0,4
0,2025-12-07 02:19:04.316871,12185199220,B,0,0,0,0
0,2025-12-07 02:19:05.772085,12185199220,B,0,0,0,0
0,2025-12-07 02:19:46.038982,12185199220,B,0,0,0,0
0,2025-12-07 02:19:54.915310,12185199220,B,0,0,0,0
0,2025-12-07 02:20:01.438490,12185199220,B,0,0,0,0
0,2025-12-07 02:21:29.028013,12185199220,B,0,147,0,22
0,2025-12-07 02:21:54.567557,12185199220,B,0,0,0,0
0,2025-12-07 02:28:11.483961,12185199220,B,4,76,2,13
0,2025-12-07 02:28:27.268376,12185199220,B,0,0,0,0
0,2025-12-07 02:28:59.987309,12185199220,B,0,0,0,0
0,2025-12-07 02:30:14.399446,12185199220,B,0,0,0,0
0,2025-12-07 02:30:54.267629,12185199220,B,0,0,0,0
0,2025-12-07 02:31:38.468577,12185199220,B,0,28,0,5
0,2025-12-07 02:31:44.673462,12185199220,B,0,0,0,0
0,2025-12-07 04:22:12.642197,121835736,B,0,12,0,2
0,2025-12-07 04:22:50.317146,121835736,B,0,0,0,0
0,2025-12-07 04:23:02.454094,121835736,B,0,0,0,0
0,2025-12-07 04:23:10.658233,121835736,B,0,0,0,0
0,2025-12-07 04:23:16.847437,12184102124,B,80,22,10,5
0,2025-12-07 04:23:32.984065,12184102124,B,0,0,0,0
0,2025-12-07 04:30:36.037780,121835736,B,0,151,0,21
0,2025-12-07 04:37:16.685443,121833859,B,93,110,16,21
0,2025-12-07 04:37:43.104324,121833859,B,0,0,0,0
0,2025-12-07 04:50:02.145821,121833859,B,33,72,10,12
0,2025-12-07 04:50:17.624001,121833859,B,0,0,0,0
0,2025-12-07 04:51:07.567512,121835736,B,61,66,23,22
0,2025-12-07 04:54:17.024741,12184189167,B,31,17,9,9
0,2025-12-07 05:06:09.167579,12184189167,B,0,29,0,6
0,2025-12-07 05:12:30.304840,12184189167,B,5,99,3,14
0,2025-12-07 05:14:10.080641,12184189167,B,0,0,0,0
0,2025-12-07 05:15:07.699198,12184189167,B,0,0,0,0
0,2025-12-07 05:15:09.666302,12184189167,B,0,0,0,0
0,2025-12-07 05:15:17.870827,12184189167,B,0,0,0,0
0,2025-12-07 05:15:54.619403,12184189167,B,0,0,0,0
0,2025-12-07 05:16:18.272174,12184189167,B,5,52,2,8
0,2025-12-07 06:10:58.190900,12185199220,B,0,0,0,0
0,2025-12-07 06:11:35.308330,12185199220,B,0,0,0,0
0,2025-12-07 06:30:23.101139,121833859,B,42,148,10,20
0,2025-12-07 06:30:46.640898,121833859,B,0,0,0,0
0,2025-12-07 06:31:22.415043,121835736,B,42,60,14,16
0,2025-12-07 06:33:38.059577,121833859,B,45,55,13,13
0,2025-12-07 06:33:55.330646,121833859,B,0,0,0,0
0,2025-12-07 06:34:01.455404,121833859,B,0,0,0,0
0,2025-12-07 06:34:16.952473,121833859,B,0,0,0,0
0,2025-12-07 06:35:09.038197,12184102124,B,38,28,8,9
0,2025-12-07 06:35:24.614212,12184102124,B,0,0,0,0
0,2025-12-07 06:35:36.976466,12184102124,B,0,0,0,0
0,2025-12-07 06:38:34.807540,121833859,B,70,97,23,22
0,2025-12-07 06:39:04.826130,121833859,B,0,0,0,0
0,2025-12-07 06:45:51.343330,121835736,B,58,77,18,18
0,2025-12-07 08:00:35.131584,12184102124,B,150,13,22,4
0,2025-12-07 08:01:01.870655,12184102124,B,0,0,0,0
0,2025-12-07 08:14:25.871852,121835736,B,0,114,0,15
0,2025-12-07 08:14:56.833505,121833859,B,54,93,17,21
0,2025-12-07 08:15:24.226060,121833859,B,0,0,0,0
0,2025-12-07 08:16:14.872939,12184189167,B,0,0,0,0
0,2025-12-07 08:19:30.743107,12185199220,B,0,36,0,6
0,2025-12-07 08:19:39.075473,12185199220,B,0,0,0,0
0,2025-12-07 08:23:43.625430,121833859,B,30,60,6,8
0,2025-12-07 08:23:53.844011,121833859,B,0,0,0,0
0,2025-12-07 08:23:57.250108,121833859,B,32,29,8,7
0,2025-12-07 08:24:08.397580,121833859,B,0,0,0,0
0,2025-12-07 08:39:57.959264,121833859,B,16,50,5,8
0,2025-12-07 08:40:08.801212,121833859,B,0,0,0,0
0,2025-12-07 09:39:32.292781,12185199220,B,0,24,0,4
0,2025-12-07 09:39:36.609583,12185199220,B,0,24,0,3
0,2025-12-07 09:47:14.189425,12184102124,B,119,10,14,3
0,2025-12-07 09:47:35.746150,12184102124,B,0,0,0,0
0,2025-12-07 09:50:03.784750,121835736,B,36,104,11,19
0,2025-12-07 09:52:50.661296,12184189167,B,0,0,0,0
0,2025-12-07 09:53:59.810507,12184189167,B,111,16,17,8
0,2025-12-07 09:55:30.948874,121835736,B,46,51,17,19
0,2025-12-07 09:55:58.918450,12184189167,B,24,17,8,8
0,2025-12-07 09:59:51.634717,121835736,B,70,90,26,28
0,2025-12-07 10:01:47.753818,12184189167,B,0,0,0,0
0,2025-12-07 10:02:03.505083,12184189167,B,0,0,0,0
0,2025-12-07 10:02:06.017384,12184189167,B,0,0,0,0
0,2025-12-07 10:02:42.975065,12184189167,B,44,31,11,10
0,2025-12-07 10:05:04.535332,12185199220,B,24,51,8,12
0,2025-12-07 10:05:31.627112,121833859,B,35,28,8,7
0,2025-12-07 10:05:41.253904,121833859,B,0,0,0,0
0,2025-12-07 10:08:57.875810,12184189167,B,15,75,6,15
0,2025-12-07 10:10:22.729415,121833859,B,78,59,18,16
0,2025-12-07 10:10:46.604660,121833859,B,0,0,0,0
0,2025-12-07 10:16:40.494765,121833859,B,73,64,21,17
0,2025-12-07 10:17:05.984294,121833859,B,0,0,0,0
0,2025-12-07 10:26:02.405018,12184189167,B,60,69,16,18
0,2025-12-07 11:23:28.546587,121835736,B,0,3,0,1
0,2025-12-07 11:27:44.054480,12185199220,B,0,0,0,0
0,2025-12-07 11:29:32.238578,12185199220,B,0,10,0,2
0,2025-12-07 11:29:36.220851,12185199220,B,0,0,0,0
0,2025-12-07 11:30:41.916140,121835736,B,0,58,0,8
0,2025-12-07 11:31:48.410628,121833859,B,34,87,9,15
0,2025-12-07 11:32:07.440919,121833859,B,0,0,0,0
0,2025-12-07 11:39:16.731317,12185199220,B,30,90,11,16
0,2025-12-07 11:39:39.520694,12185199220,B,0,0,0,0
0,2025-12-07 11:43:35.003612,12185199220,B,5,39,2,8
0,2025-12-07 11:48:18.799471,12184189167,B,0,0,0,0
0,2025-12-07 11:52:09.485460,121833859,B,46,81,11,13
0,2025-12-07 11:52:27.171522,121833859,B,0,0,0,0
initialize,2025-12-07 13:05:49.713241,0,B,0,0,0,0
0,2025-12-07 13:05:49.713241,0,B,0,0,0,0
0,2025-12-07 13:07:31.292130,121833859,B,0,0,0,0
0,2025-12-07 13:19:26.566140,12184189167,B,0,0,0,0
0,2025-12-07 14:36:26.381319,121833859,B,0,0,0,0
0,2025-12-07 14:56:39.069994,12185199220,B,0,0,0,0
0,2025-12-07 14:57:11.786780,12185199220,B,0,0,0,0
0,2025-12-07 15:00:16.402802,121833859,B,0,0,0,0
0,2025-12-07 15:00:37.526037,12184189167,B,0,0,0,0
0,2025-12-07 15:01:07.621786,12185199220,B,0,0,0,0
0,2025-12-07 15:04:17.977982,12185199220,B,0,0,0,0
0,2025-12-07 15:06:42.729604,12185199220,B,0,0,0,0
0,2025-12-07 15:06:50.611491,12184189167,B,0,0,0,0
0,2025-12-07 15:07:32.347499,12185199220,B,0,0,0,0
0,2025-12-07 15:07:41.671003,12185199220,B,0,0,0,0
0,2025-12-07 15:07:44.021445,12185199220,B,0,0,0,0
0,2025-12-07 15:07:50.673254,12185199220,B,26,0,5,0
0,2025-12-07 15:08:06.137904,12185199220,B,22,0,3,0
0,2025-12-07 15:08:11.285180,12185199220,B,34,0,6,0
0,2025-12-07 15:08:17.729696,12185199220,B,4,0,1,0
0,2025-12-07 15:08:19.057397,12185199220,B,7,0,2,0
0,2025-12-07 15:09:55.530039,12185199220,B,0,0,0,0
0,2025-12-07 15:10:01.958981,12185199220,B,0,0,0,0
0,2025-12-07 15:10:10.433243,12185199220,B,0,0,0,0
0,2025-12-07 15:10:25.177271,12184102124,B,0,0,0,0
0,2025-12-07 15:20:54.867257,12184102124,B,0,0,0,0
0,2025-12-07 15:21:26.353445,12185199220,B,0,0,0,0
0,2025-12-07 15:21:48.436823,121835736,B,0,0,0,0
0,2025-12-07 15:21:56.032517,12185199220,B,17,0,4,0
0,2025-12-07 15:22:07.130728,12185199220,B,0,0,0,0
0,2025-12-07 15:22:12.006790,12184189167,B,0,0,0,0
0,2025-12-07 15:22:49.985654,12185199220,B,8,0,1,0
0,2025-12-07 15:22:52.960826,12185199220,B,11,35,2,5
0,2025-12-07 15:23:09.319207,121833859,B,0,0,0,0
0,2025-12-07 15:23:16.803195,121833859,B,0,0,0,0
0,2025-12-07 15:23:22.608428,121833859,B,18,0,4,0
0,2025-12-07 15:23:35.608020,121833859,B,8,0,1,0
0,2025-12-07 15:23:37.592518,121833859,B,8,0,1,0
0,2025-12-07 15:23:39.685630,121833859,B,0,0,0,0
0,2025-12-07 15:23:46.481304,121833859,B,24,0,3,0
0,2025-12-07 15:23:50.830623,121833859,B,0,0,0,0
0,2025-12-07 15:24:00.314825,121833859,B,25,0,3,0
0,2025-12-07 15:24:04.231752,121833859,B,0,0,0,0
0,2025-12-07 15:24:20.222697,121833859,B,5,0,1,0
0,2025-12-07 15:24:22.190335,121833859,B,14,0,2,0
0,2025-12-07 15:24:24.636544,121833859,B,5,0,2,0
0,2025-12-07 15:24:32.073041,12185199220,B,29,0,4,0
0,2025-12-07 15:24:37.174116,12185199220,B,45,0,8,0
0,2025-12-07 15:24:49.966669,12185199220,B,4,0,2,0
0,2025-12-07 15:24:55.978709,12185199220,B,2,0,1,0
0,2025-12-07 15:24:57.081690,12185199220,B,8,0,3,0
0,2025-12-07 15:26:15.134283,12184189167,B,19,0,3,0
0,2025-12-07 15:26:32.180579,12184189167,B,18,0,3,0
0,2025-12-07 15:26:37.521252,12184189167,B,22,0,5,0
0,2025-12-07 15:26:47.690594,12184189167,B,47,0,7,0
0,2025-12-07 15:27:00.436847,12184189167,B,22,0,4,0
0,2025-12-07 15:27:12.044894,121833859,B,15,0,4,0
0,2025-12-07 15:27:17.402820,121833859,B,0,0,0,0
0,2025-12-07 15:27:21.368599,121833859,B,34,0,4,0
0,2025-12-07 15:27:26.215406,121833859,B,9,0,2,0
0,2025-12-07 15:27:30.453027,121833859,B,22,0,3,0
0,2025-12-07 15:27:34.274570,121833859,B,3,0,1,0
0,2025-12-07 15:27:35.712178,121833859,B,0,0,0,0
0,2025-12-07 15:27:38.238615,121833859,B,11,0,2,0
0,2025-12-07 15:27:40.414123,121833859,B,3,0,1,0
0,2025-12-07 15:27:41.501059,121833859,B,0,0,0,0
0,2025-12-07 15:27:43.660102,121833859,B,13,0,2,0
0,2025-12-07 15:27:45.899219,121833859,B,2,0,0,0
0,2025-12-07 15:28:32.640050,121833859,B,20,0,3,0
0,2025-12-07 15:28:36.125640,121833859,B,3,0,1,0
0,2025-12-07 15:28:39.388210,121833859,B,16,0,3,0
0,2025-12-07 15:28:42.522396,121833859,B,0,0,0,0
0,2025-12-07 15:28:44.665271,121833859,B,9,0,2,0
0,2025-12-07 15:29:08.731942,12185199220,B,19,0,3,0
0,2025-12-07 15:29:24.083487,12185199220,B,0,0,0,0
0,2025-12-07 15:32:24.318271,121833859,B,16,0,3,0
0,2025-12-07 15:32:27.500302,121833859,B,7,0,1,0
0,2025-12-07 15:40:51.870,12185199220,B,0,0,0,0
0,2025-12-07 15:41:21.340020,121833859,B,4,0,1,0
0,2025-12-07 15:41:23.086195,121833859,B,0,0,0,0
0,2025-12-07 15:41:25.737723,121833859,B,1,0,1,0
0,2025-12-07 15:42:21.434776,12184102124,B,4,0,2,0
0,2025-12-07 15:42:30.069362,12184102124,B,20,0,3,0
0,2025-12-07 15:42:43.646711,12185199220,B,71,0,10,0
0,2025-12-07 15:42:56.775395,12185199220,B,4,0,1,0
0,2025-12-07 15:42:57.846397,12185199220,B,1,0,0,0
0,2025-12-07 15:43:12.029947,12185199220,B,47,0,7,0
0,2025-12-07 15:43:20.985445,12185199220,B,2,0,1,0
0,2025-12-07 15:44:26.725101,12184102124,B,28,0,6,0
0,2025-12-07 15:45:01.073335,12184102124,B,9,0,2,0
0,2025-12-07 15:45:03.215048,12184102124,B,9,0,1,0
0,2025-12-07 15:57:00.328399,12184102124,B,2,0,1,0
0,2025-12-07 15:57:12.577972,121833859,B,36,0,5,0
0,2025-12-07 15:57:18.079090,121833859,B,5,0,1,0
0,2025-12-07 15:57:20.365544,121833859,B,0,0,0,0
0,2025-12-07 15:57:21.628461,121833859,B,4,0,1,0
0,2025-12-07 15:57:23.564673,121833859,B,0,0,0,0
0,2025-12-07 15:58:12.767820,12184189167,B,87,0,26,0
0,2025-12-07 16:02:30.701741,121833859,B,15,0,6,0
0,2025-12-07 16:02:38.937353,121833859,B,0,0,0,0
0,2025-12-07 16:02:45.301769,121833859,B,0,0,0,0
0,2025-12-07 16:02:51.139058,121833859,B,27,0,4,0
0,2025-12-07 16:02:56.495855,121833859,B,0,0,0,0
0,2025-12-07 16:02:58.078982,121833859,B,0,0,0,0
0,2025-12-07 16:02:59.949968,121833859,B,79,0,10,0
0,2025-12-07 16:03:11.127020,121833859,B,0,0,0,0
0,2025-12-07 16:03:13.413827,121833859,B,41,0,7,0
0,2025-12-07 16:03:22.658052,121833859,B,46,0,7,0
0,2025-12-07 16:03:37.033670,121833859,B,0,0,0,0
0,2025-12-07 16:03:57.759230,121835736,B,18,0,4,0
0,2025-12-07 16:04:08.647197,121835736,B,76,0,13,0
0,2025-12-07 16:04:27.804472,121835736,B,19,0,3,0
0,2025-12-07 16:04:57.244614,121835736,B,30,0,7,0
0,2025-12-07 16:05:21.439090,121835736,B,57,0,11,0
0,2025-12-07 16:08:32.784690,12184102124,B,17,0,6,0
0,2025-12-07 16:08:45.481975,12184102124,B,0,0,0,0
0,2025-12-07 16:08:49.288013,12184102124,B,0,0,0,0
0,2025-12-07 16:09:20.023148,121835736,B,46,0,8,0
0,2025-12-07 16:09:33.182942,121835736,B,28,0,6,0
0,2025-12-07 16:13:22.429529,121833859,B,5,0,2,0
0,2025-12-07 16:13:27.561933,121833859,B,17,0,3,0
0,2025-12-07 16:13:30.664441,121833859,B,0,0,0,0
0,2025-12-07 16:17:07.772712,12184102124,B,29,0,6,0
0,2025-12-07 16:17:19.047035,12184102124,B,3,3,1,1
0,2025-12-07 16:18:49.812107,12184189167,B,33,0,6,0
0,2025-12-07 16:20:28.108692,12185199220,B,44,0,10,0
0,2025-12-07 16:21:35.253983,12184102124,B,53,0,14,0
0,2025-12-07 16:21:52.813247,12184102124,B,0,0,0,0
0,2025-12-07 16:22:05.220821,12185199220,B,56,0,10,0
0,2025-12-07 16:22:17.103277,12185199220,B,11,0,5,0
0,2025-12-07 16:30:32.838353,121833859,B,26,0,4,0
0,2025-12-07 16:30:38.132410,121833859,B,5,0,1,0
0,2025-12-07 16:30:41.794027,121833859,B,0,0,0,0
0,2025-12-07 16:31:40.895610,12184102124,B,1,0,1,0
0,2025-12-07 16:31:51.946619,121833859,B,0,0,0,0
0,2025-12-07 16:33:19.960415,12185199220,B,23,0,5,0
0,2025-12-07 16:33:26.101819,12185199220,B,0,0,0,0
0,2025-12-07 16:33:27.571167,12185199220,B,0,0,0,0
0,2025-12-07 16:33:31.153834,12185199220,B,0,0,0,0
0,2025-12-07 16:33:53.206217,12185199220,B,0,0,0,0
0,2025-12-07 16:34:21.877577,12184189167,B,43,28,8,5
0,2025-12-07 16:35:01.262656,121833859,B,13,0,3,0
0,2025-12-07 16:35:04.332135,121833859,B,36,0,4,0
0,2025-12-07 16:35:10.888085,121833859,B,0,0,0,0
0,2025-12-07 16:35:13.527750,121833859,B,0,0,0,0
0,2025-12-07 16:35:15.350281,121833859,B,12,0,2,0
0,2025-12-07 16:35:17.637493,121833859,B,34,0,4,0
0,2025-12-07 16:35:22.530317,121833859,B,0,0,0,0
0,2025-12-07 16:35:25.008528,121833859,B,111,0,18,0
0,2025-12-07 16:35:49.410294,121833859,B,0,0,0,0
0,2025-12-07 16:36:08.728670,12184102124,B,31,0,6,0
0,2025-12-07 16:36:16.627327,12184102124,B,5,0,1,0
0,2025-12-07 16:36:17.634583,12184102124,B,0,0,0,0
0,2025-12-07 16:36:34.904879,12185199220,B,16,0,5,0
0,2025-12-07 16:38:53.755235,121835736,B,28,0,6,0
0,2025-12-07 16:39:10.945228,12184189167,B,60,0,17,0
0,2025-12-07 16:40:58.980490,121835736,B,26,0,6,0
0,2025-12-07 16:41:08.047057,121835736,B,71,0,18,0
0,2025-12-07 16:42:38.300936,121833859,B,0,0,0,0
0,2025-12-07 16:43:28.142856,12184102124,B,27,0,5,0
0,2025-12-07 16:43:40.359891,12184102124,B,0,0,0,0
0,2025-12-07 16:43:43.015418,12184102124,B,0,0,0,0
0,2025-12-07 16:46:51.658835,12184102124,B,27,0,5,0
0,2025-12-07 16:48:43.614036,12184189167,B,4,0,2,0
0,2025-12-07 16:53:53.518435,121833859,B,32,0,5,0
0,2025-12-07 16:54:03.575041,121833859,B,5,0,1,0
0,2025-12-07 16:54:05.333875,121833859,B,0,0,0,0
0,2025-12-07 16:55:33.253059,121833859,B,20,0,4,0
0,2025-12-07 16:55:38.114269,121833859,B,0,0,0,0
0,2025-12-07 16:56:00.916409,12184102124,B,12,0,3,0
0,2025-12-07 16:56:07.088445,12184102124,B,0,0,0,0
0,2025-12-07 17:09:23.199438,12184189167,B,25,0,5,0
0,2025-12-07 17:09:34.311586,12184189167,B,7,0,2,0
0,2025-12-07 17:09:43.796088,121833859,B,86,0,10,0
0,2025-12-07 17:09:56.011575,121833859,B,0,0,0,0
0,2025-12-07 17:09:57.979549,121833859,B,29,0,4,0
0,2025-12-07 17:10:03.176643,121833859,B,16,0,2,0
0,2025-12-07 17:10:05.654756,121833859,B,0,0,0,0
0,2025-12-07 17:11:42.704256,121835736,B,26,0,6,0
0,2025-12-07 17:11:54.041426,121835736,B,1,0,1,0
0,2025-12-07 17:12:04.324503,121835736,B,0,0,0,0
0,2025-12-07 17:12:09.840308,121835736,B,0,0,0,0
0,2025-12-07 17:12:21.386377,121835736,B,118,0,21,0
0,2025-12-07 17:15:11.210491,12184189167,B,29,0,5,0
0,2025-12-07 17:15:22.195725,12185199220,B,5,0,1,0
0,2025-12-07 17:15:42.456122,12185199220,B,52,0,9,0
0,2025-12-07 17:15:52.084920,12185199220,B,0,0,0,0
0,2025-12-07 17:21:46.058372,12184102124,B,30,0,4,0
0,2025-12-07 17:21:57.844126,12184102124,B,0,0,0,0
0,2025-12-07 17:21:59.203443,12184102124,B,8,2,2,1
0,2025-12-07 17:22:04.750365,12184102124,B,0,1,0,1
0,2025-12-07 17:22:09.133205,12184102124,B,0,0,0,0
0,2025-12-07 17:23:26.560864,12184189167,B,126,0,21,0
0,2025-12-07 17:23:57.663205,121833859,B,22,0,3,0
0,2025-12-07 17:24:07.130796,121833859,B,0,0,0,0
0,2025-12-07 17:24:08.505069,121833859,B,36,0,5,0
0,2025-12-07 17:24:14.996569,121833859,B,0,0,0,0
0,2025-12-07 17:24:16.213546,121833859,B,18,0,2,0
0,2025-12-07 17:24:19.873728,121833859,B,0,0,0,0
0,2025-12-07 17:24:21.234226,121833859,B,34,0,4,0
0,2025-12-07 17:24:26.462769,121833859,B,0,0,0,0
0,2025-12-07 17:24:29.676247,121833859,B,15,0,2,0
0,2025-12-07 17:24:34.186874,121833859,B,0,0,0,0
0,2025-12-07 17:25:59.034981,121835736,B,94,0,22,0
0,2025-12-07 17:27:30.839504,12184102124,B,121,0,16,0
0,2025-12-07 17:27:54.808071,12184102124,B,0,0,0,0
0,2025-12-07 17:30:34.158634,12184102124,B,24,0,5,0
0,2025-12-07 17:30:45.848193,12184102124,B,0,0,0,0
0,2025-12-07 17:31:47.860145,12185199220,B,11,42,2,7
0,2025-12-07 17:32:00.013415,12185199220,B,0,29,0,4
0,2025-12-07 17:32:04.843460,12185199220,B,0,5,0,1
0,2025-12-07 17:32:05.977768,12185199220,B,0,2,0,0
0,2025-12-07 17:33:57.946992,12185199220,B,8,0,3,0
0,2025-12-07 17:34:05.863344,12185199220,B,16,0,3,0
0,2025-12-07 17:34:08.820587,12185199220,B,0,15,0,4
0,2025-12-07 17:35:12.722374,12184189167,B,34,17,7,3
0,2025-12-07 17:39:26.961046,12185199220,B,22,0,5,0
0,2025-12-07 17:39:38.842319,12185199220,B,5,16,1,4
0,2025-12-07 17:42:07.269666,12184102124,B,36,0,5,0
0,2025-12-07 17:42:18.048329,12184102124,B,0,0,0,0
0,2025-12-07 17:52:32.212864,12184102124,B,3,0,1,0
0,2025-12-07 17:54:24.596841,12184102124,B,33,0,4,0
0,2025-12-07 17:54:40.138471,12184102124,B,0,0,0,0
0,2025-12-07 17:54:41.850293,12184102124,B,0,0,0,0
0,2025-12-07 17:54:45.064263,12184102124,B,0,0,0,0
0,2025-12-07 17:54:48.933134,12184102124,B,0,0,0,0
0,2025-12-07 17:54:50.997336,12184102124,B,0,0,0,0
0,2025-12-07 17:54:55.202960,12184102124,B,0,0,0,0
0,2025-12-07 17:55:08.955744,12184102124,B,0,0,0,0
0,2025-12-07 17:55:12.184408,12184102124,B,0,0,0,0
0,2025-12-07 17:56:01.821195,12184102124,B,0,0,0,0
0,2025-12-07 17:56:15.621730,12184102124,B,3,0,1,0
0,2025-12-07 17:56:17.348353,12184102124,B,147,0,21,0
0,2025-12-07 17:56:41.607482,12184102124,B,0,0,0,0
0,2025-12-07 17:57:30.986217,121833859,B,46,0,6,0
0,2025-12-07 17:57:41.204040,121833859,B,0,0,0,0
0,2025-12-07 17:57:42.691434,121833859,B,6,0,1,0
0,2025-12-07 17:57:44.579299,121833859,B,24,0,3,0
0,2025-12-07 17:57:52.029328,121833859,B,0,0,0,0
0,2025-12-07 17:57:56.412046,12184189167,B,76,0,10,0
0,2025-12-07 18:00:36.944306,121835736,B,11,0,4,0
0,2025-12-07 18:00:47.482184,121835736,B,0,0,0,0
0,2025-12-07 18:01:17.657418,121835736,B,0,0,0,0
0,2025-12-07 18:01:22.918053,121835736,B,0,0,0,0
0,2025-12-07 18:01:32.528906,121835736,B,2,0,1,0
0,2025-12-07 18:08:00.485669,121833859,B,48,0,6,0
0,2025-12-07 18:08:07.313954,121833859,B,101,0,12,0
0,2025-12-07 18:08:24.951953,121833859,B,0,0,0,0
0,2025-12-07 18:08:27.494578,121833859,B,33,0,4,0
0,2025-12-07 18:08:32.563577,121833859,B,0,0,0,0
0,2025-12-07 18:19:44.808592,12184189167,B,34,0,7,0
0,2025-12-07 18:20:02.717413,121833859,B,86,0,10,0
0,2025-12-07 18:20:15.510115,121833859,B,34,0,5,0
0,2025-12-07 18:20:25.921771,121833859,B,2,0,1,0
0,2025-12-07 18:20:28.718839,121833859,B,0,0,0,0
0,2025-12-07 18:22:06.391664,121835736,B,36,46,8,6
0,2025-12-07 18:22:34.008071,12184102124,B,10,0,2,0
0,2025-12-07 18:22:36.758279,12184102124,B,97,0,14,0
0,2025-12-07 18:22:53.021668,12184102124,B,0,0,0,0
0,2025-12-07 18:25:28.054124,12184189167,B,29,0,5,0
0,2025-12-07 18:30:30.153512,121835736,B,11,0,2,0
0,2025-12-07 18:30:35.672693,121835736,B,0,0,0,0
0,2025-12-07 18:30:37.573043,121835736,B,0,0,0,0
0,2025-12-07 18:30:39.764660,121835736,B,163,0,30,0
0,2025-12-07 18:33:35.697896,121833859,B,32,0,4,0
0,2025-12-07 18:33:44.157133,121833859,B,0,0,0,0
0,2025-12-07 18:45:55.709637,12184189167,B,4,100,1,14
0,2025-12-07 18:46:24.717486,12184102124,B,0,92,0,13
0,2025-12-07 18:46:45.265120,12184102124,B,0,0,0,0
0,2025-12-07 18:47:41.777745,121833859,B,4,0,1,0
0,2025-12-07 18:47:44.077958,121833859,B,0,50,0,6
0,2025-12-07 18:47:52.250963,121833859,B,0,0,0,0
0,2025-12-07 19:05:39.568421,12184189167,B,37,62,6,8
0,2025-12-07 19:07:11.914062,12184102124,B,0,67,0,10
0,2025-12-07 19:07:26.706189,12184102124,B,0,0,0,0
0,2025-12-07 19:11:42.545592,121835736,B,0,0,0,0
0,2025-12-07 19:13:20.427147,121833859,B,5,0,1,0
0,2025-12-07 19:13:22.778380,121833859,B,0,131,0,16
0,2025-12-07 19:13:41.263415,121833859,B,0,23,0,5
0,2025-12-07 19:13:49.385255,121833859,B,0,0,0,0
0,2025-12-07 19:14:10.318029,121833859,B,0,0,0,0
0,2025-12-07 19:23:25.188739,121833859,B,0,0,0,0
0,2025-12-07 19:23:26.867612,121833859,B,38,56,6,8
0,2025-12-07 19:23:46.456732,121833859,B,0,0,0,0
0,2025-12-07 19:32:57.586013,12184102124,B,0,0,0,0
0,2025-12-07 19:32:59.599530,12184102124,B,0,63,0,8
0,2025-12-07 19:33:12.423276,12184102124,B,0,0,0,0
0,2025-12-07 19:39:43.738666,12184102124,B,170,0,21,0
0,2025-12-07 19:40:11.034827,12184102124,B,0,0,0,0
0,2025-12-07 19:49:31.759546,12184102124,B,136,0,18,0
0,2025-12-07 19:49:52.867497,12184102124,B,0,0,0,0
0,2025-12-07 19:49:54.882920,12184102124,B,0,0,0,0
0,2025-12-07 19:54:43.200289,121835736,B,46,30,8,5
0,2025-12-07 19:55:04.419107,121835736,B,136,21,23,3
0,2025-12-07 19:59:20.242477,12184102124,B,15,0,3,0
0,2025-12-07 19:59:28.974730,12184102124,B,4,0,0,0
0,2025-12-07 19:59:31.084614,12184102124,B,0,0,0,0
0,2025-12-07 19:59:35.067647,12184102124,B,0,0,0,0
0,2025-12-07 19:59:39.784199,12184102124,B,0,0,0,0
0,2025-12-07 19:59:40.840068,12184102124,B,0,0,0,0
0,2025-12-07 20:00:12.932922,12184102124,B,2,66,1,9
0,2025-12-07 20:00:27.468869,12184102124,B,0,0,0,0
0,2025-12-07 20:00:28.619501,12184102124,B,0,0,0,0
0,2025-12-07 20:00:36.391483,12184102124,B,0,0,0,0
0,2025-12-07 20:00:41.524591,12184102124,B,0,0,0,0
0,2025-12-07 20:07:31.327493,12184189167,B,0,128,0,19
0,2025-12-07 20:56:36.170304,121833859,B,3,91,1,12
0,2025-12-07 20:56:52.672276,121833859,B,0,0,0,0
0,2025-12-07 21:08:25.816050,12184189167,B,0,83,0,11
0,2025-12-07 21:19:45.383199,12184189167,B,0,115,0,16
0,2025-12-07 21:27:36.109417,12184189167,B,1,74,1,9
0,2025-12-07 21:42:58.916002,12184189167,B,0,72,0,9
0,2025-12-07 22:01:47.269145,12184102124,B,144,0,17,0
0,2025-12-07 22:02:08.170413,12184102124,B,0,0,0,0
0,2025-12-07 22:20:56.491112,121833859,B,20,73,5,14
0,2025-12-07 22:21:26.041298,121833859,B,0,0,0,0
0,2025-12-07 23:57:14.174743,121833859,B,34,70,5,15
